{
	"id": "techonquer-backend-env",
	"name": "Techonquer Backend Environment",
	"values": [
		{
			"key": "base_url",
			"value": "http://localhost:5000",
			"type": "default",
			"enabled": true
		},
		{
			"key": "testimonial_id",
			"value": "",
			"type": "default",
			"enabled": true
		},
		{
			"key": "course_id",
			"value": "",
			"type": "default",
			"enabled": true
		},
		{
			"key": "user_id",
			"value": "",
			"type": "default",
			"enabled": true
		}
	],
	"_postman_variable_scope": "environment",
	"_postman_exported_at": "2025-07-11T15:17:00.000Z",
	"_postman_exported_using": "Postman/10.0.0"
}
